word, event, baseline, diff
police,1.3782,0.0759,1.3023
law,1.3675,0.0733,1.2942
policing,1.3341,0.0247,1.3094
attack,1.2252,0.0934,1.1318
attacks,1.2252,0.0934,1.1318
westminster,0.8870,0.0024,0.8846
made,0.8328,1.0599,-0.2270
going,0.8315,0.8800,-0.0485
taken,0.7914,0.9520,-0.1606
get,0.7847,1.0420,-0.2573
got,0.7847,1.0420,-0.2573
london,0.7820,0.0098,0.7723
saw,0.7773,0.6586,0.1187
making,0.7646,0.9529,-0.1882
take,0.7473,0.9678,-0.2205
taking,0.7439,0.9392,-0.1953
place,0.7386,0.7027,0.0359
make,0.7172,0.9133,-0.1961
people,0.7125,0.2403,0.4722
took,0.7045,0.9110,-0.2065
go,0.6958,0.8478,-0.1520
living,0.6724,0.6389,0.0336
seen,0.6711,0.6174,0.0537
see,0.6711,0.6174,0.0537
world,0.6644,0.5137,0.1507
went,0.6544,0.7845,-0.1301
home,0.6163,0.4127,0.2036
picture,0.6029,0.2492,0.3537
best,0.5996,0.7106,-0.1111
working,0.5982,0.7540,-0.1557
men,0.5902,0.5711,0.0191
held,0.5862,0.6824,-0.0962
running,0.5561,0.6401,-0.0840
parliament,0.5434,0.0020,0.5415
lives,0.5374,0.5741,-0.0367
shot,0.5247,0.1993,0.3254
man,0.4953,0.4293,0.0660
acts,0.4926,0.3837,0.1089
found,0.4913,0.5062,-0.0149
one,0.4893,0.5309,-0.0416
work,0.4826,0.7451,-0.2625
last,0.4799,0.4483,0.0317
house,0.4779,0.2534,0.2245
houses,0.4779,0.2534,0.2245
point,0.4766,0.4289,0.0477
worked,0.4746,0.6973,-0.2227
family,0.4612,0.2564,0.2048
families,0.4612,0.2564,0.2048
given,0.4505,0.6971,-0.2466
bridge,0.4338,0.0135,0.4203
support,0.4224,0.3645,0.0579
act,0.4211,0.3775,0.0436
ran,0.4198,0.5765,-0.1568
look,0.4178,0.4535,-0.0358
born,0.4071,0.2932,0.1138
days,0.4071,0.3259,0.0812
live,0.4030,0.4249,-0.0219
number,0.4017,0.3863,0.0154
end,0.4004,0.3247,0.0756
gave,0.3977,0.6369,-0.2392
set,0.3957,0.4543,-0.0586
services,0.3944,0.1920,0.2023
scene,0.3917,0.0946,0.2971
officer,0.3897,0.0136,0.3761
officers,0.3897,0.0136,0.3761
policeman,0.3897,0.0135,0.3762
lived,0.3843,0.3996,-0.0153
show,0.3837,0.2867,0.0970
shows,0.3837,0.2867,0.0970
office,0.3830,0.3837,-0.0007
close,0.3803,0.2846,0.0957
ground,0.3790,0.2854,0.0936
human,0.3763,0.1900,0.1863
years,0.3703,0.4739,-0.1036
known,0.3670,0.2791,0.0879
order,0.3663,0.4243,-0.0580
attacker,0.3623,0.0022,0.3601
saying,0.3623,0.3429,0.0193
assailant,0.3623,0.0022,0.3601
come,0.3603,0.3582,0.0021
came,0.3589,0.3534,0.0055
read,0.3556,0.3128,0.0428
still,0.3522,0.4358,-0.0836
terror,0.3476,0.0291,0.3185
state,0.3476,0.4653,-0.1178
looked,0.3469,0.3286,0.0183
security,0.3456,0.0825,0.2631
threat,0.3416,0.0281,0.3135
posted,0.3409,0.1395,0.2014
name,0.3389,0.2917,0.0472
told,0.3369,0.3376,-0.0007
thought,0.3335,0.3465,-0.0130
described,0.3309,0.1662,0.1646
outside,0.3275,0.1286,0.1989
part,0.3268,0.3537,-0.0269
may,0.3208,0.1686,0.1522
drove,0.3168,0.3066,0.0102
us,0.3162,0.3330,-0.0168
acting,0.3155,0.2877,0.0278
left,0.3135,0.2942,0.0193
britain,0.3075,0.0071,0.3004
uk,0.3075,0.0071,0.3004
country,0.3075,0.3773,-0.0698
named,0.3048,0.2689,0.0359
march,0.3028,0.0719,0.2309
say,0.3021,0.3200,-0.0179
says,0.3021,0.3200,-0.0179
two,0.2994,0.2428,0.0566
identified,0.2994,0.1383,0.1611
injured,0.2961,0.0183,0.2778
terrorist,0.2954,0.0035,0.2919
following,0.2954,0.2511,0.0444
terrorists,0.2954,0.0035,0.2919
later,0.2908,0.1268,0.1639
authorities,0.2908,0.2494,0.0413
death,0.2881,0.2261,0.0620
muslim,0.2827,0.0026,0.2802
islamic,0.2827,0.0026,0.2802
even,0.2807,0.3804,-0.0996
yet,0.2781,0.3917,-0.1136
incident,0.2760,0.0058,0.2703
car,0.2754,0.0495,0.2259
away,0.2740,0.0972,0.1768
call,0.2740,0.1594,0.1146
public,0.2667,0.2794,-0.0127
carried,0.2647,0.2567,0.0080
images,0.2633,0.1998,0.0636
image,0.2633,0.1998,0.0636
stop,0.2627,0.2635,-0.0008
face,0.2613,0.2991,-0.0378
international,0.2613,0.0643,0.1971
put,0.2613,0.3094,-0.0481
mar,0.2580,0.0192,0.2388
called,0.2567,0.1405,0.1162
help,0.2567,0.2223,0.0344
subject,0.2560,0.3627,-0.1067
need,0.2553,0.3225,-0.0671
meeting,0.2553,0.2551,0.0002
back,0.2547,0.2677,-0.0131
hit,0.2533,0.2461,0.0072
case,0.2527,0.2441,0.0086
area,0.2493,0.1800,0.0693
near,0.2493,0.2851,-0.0358
palmer,0.2486,0.0059,0.2428
acted,0.2486,0.2665,-0.0179
know,0.2473,0.2506,-0.0033
times,0.2473,0.2816,-0.0343
confirmed,0.2440,0.0625,0.1814
move,0.2420,0.2582,-0.0162
understood,0.2359,0.1662,0.0697
terrorism,0.2339,0.0028,0.2312
think,0.2293,0.2104,0.0188
british,0.2279,0.0129,0.2151
remains,0.2246,0.1327,0.0919
arrests,0.2232,0.1930,0.0303
great,0.2232,0.2594,-0.0362
government,0.2226,0.2039,0.0187
heard,0.2226,0.1873,0.0353
address,0.2226,0.1418,0.0807
first,0.2199,0.2907,-0.0708
met,0.2186,0.2319,-0.0134
received,0.2186,0.2915,-0.0729
national,0.2179,0.2120,0.0059
earlier,0.2152,0.0878,0.1274
head,0.2146,0.2705,-0.0560
second,0.2146,0.2325,-0.0179
minister,0.2139,0.0132,0.2007
new,0.2132,0.3884,-0.1752
stopped,0.2126,0.1686,0.0440
mark,0.2112,0.1581,0.0531
continue,0.2085,0.1685,0.0401
site,0.2079,0.1050,0.1029
like,0.2065,0.2463,-0.0398
minutes,0.2065,0.1533,0.0533
prime,0.2059,0.0874,0.1184
way,0.2052,0.2870,-0.0818
service,0.2025,0.1675,0.0351
arrested,0.2019,0.1749,0.0270
former,0.2019,0.1753,0.0266
love,0.2012,0.1916,0.0096
however,0.1999,0.2471,-0.0472
big,0.1999,0.2908,-0.0909
three,0.1965,0.1266,0.0699
four,0.1945,0.0833,0.1112
4,0.1945,0.0833,0.1112
young,0.1945,0.3499,-0.1554
understand,0.1918,0.1535,0.0384
stand,0.1912,0.1251,0.0661
treated,0.1872,0.1011,0.0860
time,0.1865,0.2392,-0.0528
armed,0.1858,0.0276,0.1582
statement,0.1831,0.0369,0.1462
want,0.1831,0.2037,-0.0205
woman,0.1825,0.0262,0.1562
women,0.1825,0.0262,0.1562
next,0.1818,0.1621,0.0197
asked,0.1811,0.2750,-0.0939
father,0.1811,0.1444,0.0367
around,0.1798,0.0892,0.0906
station,0.1798,0.1085,0.0713
mother,0.1791,0.1431,0.0361
person,0.1785,0.0847,0.0938
someone,0.1785,0.0847,0.0938
used,0.1765,0.1813,-0.0049
remain,0.1751,0.1046,0.0705
open,0.1751,0.2538,-0.0786
front,0.1738,0.1561,0.0176
believed,0.1731,0.1379,0.0352
believe,0.1731,0.1379,0.0352
share,0.1731,0.1381,0.0350
evidence,0.1718,0.1174,0.0544
building,0.1698,0.2716,-0.1019
let,0.1684,0.2171,-0.0487
commons,0.1671,0.0623,0.1048
affected,0.1658,0.1180,0.0478
pc,0.1651,0.0000,0.1651
side,0.1651,0.1511,0.0140
allow,0.1644,0.2243,-0.0599
wednesday,0.1638,0.0046,0.1591
dead,0.1638,0.0898,0.0740
birmingham,0.1631,0.0019,0.1612
today,0.1631,0.0684,0.0947
video,0.1624,0.0314,0.1310
forces,0.1624,0.2605,-0.0981
day,0.1618,0.0928,0.0690
mps,0.1591,0.0000,0.1591
stabbing,0.1571,0.0220,0.1351
arena,0.1551,0.0864,0.0687
fight,0.1544,0.1285,0.0259
alleged,0.1537,0.0883,0.0655
tried,0.1537,0.1702,-0.0165
life,0.1531,0.1744,-0.0214
reported,0.1531,0.0737,0.0793
manchester,0.1511,0.0046,0.1464
heart,0.1504,0.1515,-0.0011
hospital,0.1497,0.0151,0.1346
many,0.1477,0.1548,-0.0071
investigation,0.1477,0.0084,0.1393
city,0.1470,0.0472,0.0998
inside,0.1470,0.0883,0.0588
events,0.1470,0.1386,0.0085
event,0.1470,0.1386,0.0085
speaking,0.1470,0.0758,0.0712
safe,0.1470,0.1597,-0.0127
large,0.1444,0.2341,-0.0897
emergency,0.1430,0.0100,0.1331
muslims,0.1417,0.0012,0.1405
reports,0.1410,0.1363,0.0047
right,0.1410,0.2684,-0.1273
report,0.1410,0.1363,0.0047
palace,0.1404,0.0049,0.1354
within,0.1390,0.0697,0.0693
press,0.1384,0.1238,0.0145
metropolitan,0.1377,0.0047,0.1330
pm,0.1370,0.0042,0.1328
values,0.1370,0.1396,-0.0026
thursday,0.1323,0.0040,0.1283
paid,0.1317,0.1492,-0.0176
remember,0.1277,0.0880,0.0396
serious,0.1270,0.1615,-0.0345
information,0.1257,0.0528,0.0729
data,0.1257,0.0520,0.0736
full,0.1250,0.2706,-0.1456
united,0.1230,0.1375,-0.0145
early,0.1223,0.0609,0.0614
really,0.1210,0.1090,0.0120
never,0.1203,0.0948,0.0255
pa,0.1203,0.0166,0.1038
according,0.1190,0.0365,0.0825
well,0.1183,0.2737,-0.1554
tribute,0.1176,0.0195,0.0981
safety,0.1176,0.0336,0.0840
channel,0.1143,0.0779,0.0364
alone,0.1136,0.0635,0.0502
air,0.1136,0.1172,-0.0035
isis,0.1116,0.0002,0.1114
year,0.1116,0.2070,-0.0953
began,0.1116,0.1443,-0.0327
using,0.1116,0.1270,-0.0154
mr,0.1110,0.1022,0.0087
five,0.1110,0.0753,0.0357
details,0.1089,0.0963,0.0127
group,0.1076,0.0492,0.0584
capital,0.1076,0.1703,-0.0627
hours,0.1076,0.0488,0.0589
searches,0.1069,0.1235,-0.0166
society,0.1063,0.1389,-0.0326
theresa,0.1056,0.0028,0.1028
yard,0.1056,0.0415,0.0642
vehicle,0.1049,0.0039,0.1010
22,0.1049,0.0070,0.0979
thoughts,0.1043,0.1361,-0.0318
stabbed,0.1023,0.0103,0.0920
square,0.1016,0.0576,0.0440
knife,0.1009,0.0122,0.0887
morning,0.0996,0.0294,0.0702
much,0.0996,0.1771,-0.0775
across,0.0989,0.0397,0.0592
custody,0.0976,0.0626,0.0349
use,0.0976,0.2057,-0.1081
response,0.0969,0.0534,0.0435
lost,0.0969,0.0819,0.0150
staff,0.0962,0.0210,0.0753
another,0.0956,0.0860,0.0096
yesterday,0.0949,0.0103,0.0846
islam,0.0949,0.0012,0.0937
school,0.0949,0.0839,0.0110
trump,0.0942,0.0648,0.0294
died,0.0929,0.1419,-0.0490
together,0.0916,0.0650,0.0266
english,0.0916,0.0656,0.0259
intelligence,0.0909,0.0407,0.0502
south,0.0889,0.0341,0.0547
happened,0.0889,0.1139,-0.0250
central,0.0876,0.0572,0.0304
senior,0.0876,0.0261,0.0614
killing,0.0869,0.0186,0.0683
least,0.0862,0.0406,0.0456
several,0.0856,0.0706,0.0150
leader,0.0849,0.0116,0.0733
always,0.0842,0.1358,-0.0516
connection,0.0842,0.0284,0.0558
road,0.0836,0.0294,0.0541
condition,0.0836,0.0935,-0.0099
adrian,0.0822,0.0006,0.0816
night,0.0815,0.0669,0.0147
must,0.0802,0.2660,-0.1858
claimed,0.0802,0.1037,-0.0235
released,0.0795,0.1454,-0.0659
message,0.0789,0.0294,0.0495
commissioner,0.0775,0.0021,0.0755
pay,0.0769,0.1502,-0.0733
mp,0.0755,0.0000,0.0755
labour,0.0755,0.0568,0.0188
preparation,0.0755,0.0687,0.0068
normal,0.0742,0.0508,0.0234
west,0.0715,0.0316,0.0399
friends,0.0715,0.0235,0.0481
friend,0.0715,0.0235,0.0481
east,0.0709,0.0373,0.0335
action,0.0709,0.1067,-0.0358
actions,0.0709,0.1067,-0.0358
violent,0.0702,0.0376,0.0325
friday,0.0695,0.0063,0.0632
possible,0.0695,0.0655,0.0040
hate,0.0695,0.0101,0.0594
responsibility,0.0695,0.0547,0.0148
violence,0.0688,0.0541,0.0147
six,0.0682,0.0487,0.0195
gates,0.0682,0.0066,0.0616
democracy,0.0675,0.0250,0.0425
secretary,0.0662,0.0261,0.0400
president,0.0662,0.0997,-0.0335
street,0.0655,0.0269,0.0386
streets,0.0655,0.0269,0.0386
islamist,0.0648,0.0001,0.0647
10,0.0648,0.0636,0.0013
injuries,0.0642,0.0143,0.0499
recent,0.0642,0.0476,0.0165
major,0.0635,0.0448,0.0187
scotland,0.0628,0.0013,0.0615
suspect,0.0628,0.0118,0.0510
ambulance,0.0608,0.0007,0.0601
every,0.0608,0.1184,-0.0576
bravery,0.0602,0.0128,0.0474
seven,0.0602,0.0301,0.0300
ago,0.0595,0.0471,0.0124
deputy,0.0595,0.0051,0.0543
sense,0.0595,0.0712,-0.0117
prison,0.0588,0.0062,0.0526
parliamentary,0.0588,0.0010,0.0578
past,0.0588,0.0595,-0.0006
difficult,0.0588,0.0585,0.0003
wife,0.0582,0.0248,0.0334
walking,0.0582,0.0192,0.0389
cochran,0.0575,0.0001,0.0574
court,0.0575,0.0304,0.0270
khan,0.0568,0.0005,0.0563
foreign,0.0561,0.0464,0.0098
offences,0.0561,0.0247,0.0315
added,0.0555,0.1147,-0.0592
extremism,0.0548,0.0003,0.0545
quickly,0.0548,0.0401,0.0147
members,0.0535,0.0184,0.0351
river,0.0535,0.0189,0.0345
week,0.0535,0.0329,0.0206
member,0.0535,0.0184,0.0351
community,0.0528,0.0435,0.0093
high,0.0528,0.0826,-0.0298
40,0.0528,0.0138,0.0390
communities,0.0528,0.0435,0.0093
mayor,0.0521,0.0047,0.0474
french,0.0521,0.0147,0.0374
hall,0.0515,0.0258,0.0256
suspicion,0.0508,0.0078,0.0430
england,0.0508,0.0159,0.0349
inspired,0.0501,0.0289,0.0212
husband,0.0488,0.0160,0.0327
deeply,0.0488,0.0229,0.0259
afternoon,0.0481,0.0114,0.0367
september,0.0481,0.0111,0.0370
online,0.0475,0.0000,0.0475
american,0.0468,0.1395,-0.0927
april,0.0468,0.0093,0.0375
victims,0.0461,0.0037,0.0424
along,0.0461,0.0427,0.0034
victim,0.0461,0.0037,0.0424
college,0.0461,0.0361,0.0100
current,0.0461,0.0337,0.0124
eight,0.0461,0.0310,0.0152
criminal,0.0455,0.0092,0.0363
social,0.0448,0.0646,-0.0198
far,0.0448,0.0631,-0.0183
twitter,0.0441,0.0003,0.0438
political,0.0441,0.0374,0.0067
pavement,0.0441,0.0040,0.0401
23,0.0434,0.0069,0.0366
colleagues,0.0434,0.0193,0.0241
solidarity,0.0428,0.0017,0.0410
rhodes,0.0428,0.0010,0.0417
white,0.0428,0.0624,-0.0197
long,0.0421,0.1153,-0.0732
thames,0.0421,0.0003,0.0418
teacher,0.0414,0.0111,0.0303
june,0.0414,0.0151,0.0263
critical,0.0414,0.0316,0.0099
killed,0.0408,0.0149,0.0259
david,0.0408,0.0061,0.0347
page,0.0408,0.0082,0.0325
24,0.0408,0.0074,0.0334
syria,0.0401,0.0005,0.0396
thank,0.0401,0.0183,0.0218
already,0.0401,0.0476,-0.0075
50,0.0394,0.0239,0.0156
different,0.0394,0.0438,-0.0044
able,0.0394,0.0434,-0.0040
rudd,0.0388,0.0001,0.0387
ongoing,0.0388,0.0005,0.0383
russell,0.0388,0.0016,0.0371
general,0.0388,0.0756,-0.0368
article,0.0381,0.0082,0.0299
please,0.0381,0.0117,0.0264
november,0.0374,0.0089,0.0285
july,0.0368,0.0093,0.0275
policy,0.0368,0.0669,-0.0301
children,0.0361,0.0603,-0.0242
france,0.0361,0.0089,0.0271
conservative,0.0361,0.0061,0.0300
anniversary,0.0354,0.0032,0.0322
including,0.0314,0.0217,0.0097
months,0.0281,0.0199,0.0082
students,0.0274,0.0192,0.0082
investigated,0.0114,0.0023,0.0091
pedestrians,0.0074,0.0027,0.0047
condolences,0.0040,0.0002,0.0038
londoners,0.0033,0.0002,0.0031
politicians,0.0033,0.0019,0.0015
media,0.0020,0.0117,-0.0097
elms,0.0007,0.0004,0.0003
``,0.0000,0.0000,0.0000
'',0.0000,0.0000,0.0000
masood,0.0000,0.0000,0.0000
would,0.0000,0.0000,0.0000
keith,0.0000,0.0000,0.0000
2017,0.0000,0.0000,0.0000
khalid,0.0000,0.0000,0.0000
n't,0.0000,0.0000,0.0000
others,0.0000,0.0000,0.0000
bbc,0.0000,0.0000,0.0000
rowley,0.0000,0.0000,0.0000
buzzfeed,0.0000,0.0000,0.0000
getty,0.0000,0.0000,0.0000
since,0.0000,0.0000,0.0000
whether,0.0000,0.0000,0.0000
reuters,0.0000,0.0000,0.0000
among,0.0000,0.0000,0.0000
everyone,0.0000,0.0000,0.0000
towards,0.0000,0.0000,0.0000
mi5,0.0000,0.0000,0.0000
ap,0.0000,0.0000,0.0000
kurt,0.0000,0.0000,0.0000
frade,0.0000,0.0000,0.0000
ellwood,0.0000,0.0000,0.0000
2015,0.0000,0.0000,0.0000
facebook,0.0000,0.0000,0.0000
without,0.0000,0.0000,0.0000
aysha,0.0000,0.0000,0.0000
counter-terrorism,0.0000,0.0000,0.0000
ajao,0.0000,0.0000,0.0000
st,0.0000,0.0000,0.0000
something,0.0000,0.0000,0.0000
although,0.0000,0.0000,0.0000
jeremy,0.0000,0.0000,0.0000
sadiq,0.0000,0.0000,0.0000
